<ImportExportXml xmlns:xsi="http://www.w3.org/2001/XMLSchema-instance">
  <Entities>
    <Entity>
      <Name LocalizedName="Product" OriginalName="Product">Product</Name>
      <ObjectTypeCode>1024</ObjectTypeCode>
      <EntityInfo>
        <entity Name="Product">
          <attributes>
            <attribute PhysicalName="sms_Sketchup3DModelURL">
              <Type>nvarchar</Type>
              <Name>sms_sketchup3dmodelurl</Name>
              <LogicalName>sms_sketchup3dmodelurl</LogicalName>
              <RequiredLevel>none</RequiredLevel>
              <DisplayMask>ValidForAdvancedFind|ValidForForm|ValidForGrid</DisplayMask>
              <ImeMode>auto</ImeMode>
              <ValidForUpdateApi>1</ValidForUpdateApi>
              <ValidForReadApi>1</ValidForReadApi>
              <ValidForCreateApi>1</ValidForCreateApi>
              <IsCustomField>1</IsCustomField>
              <IsAuditEnabled>1</IsAuditEnabled>
              <IsSecured>0</IsSecured>
              <IntroducedVersion>1.0.0.0</IntroducedVersion>
              <IsCustomizable>1</IsCustomizable>
              <IsRenameable>1</IsRenameable>
              <CanModifySearchSettings>1</CanModifySearchSettings>
              <CanModifyRequirementLevelSettings>1</CanModifyRequirementLevelSettings>
              <CanModifyAdditionalSettings>1</CanModifyAdditionalSettings>
              <SourceType>0</SourceType>
              <IsGlobalFilterEnabled>0</IsGlobalFilterEnabled>
              <IsSortableEnabled>0</IsSortableEnabled>
              <CanModifyGlobalFilterSettings>1</CanModifyGlobalFilterSettings>
              <CanModifyIsSortableSettings>1</CanModifyIsSortableSettings>
              <Format>url</Format>
              <MaxLength>150</MaxLength>
              <Length>300</Length>
              <displaynames>
                <displayname description="Sketchup 3D Model URL" languagecode="1033" />
              </displaynames>
              <Descriptions>
                <Description description="" languagecode="1033" />
              </Descriptions>
            </attribute>
          </attributes>
          <EntitySetName>products</EntitySetName>
          <IsDuplicateCheckSupported>0</IsDuplicateCheckSupported>
          <IsBusinessProcessEnabled>1</IsBusinessProcessEnabled>
          <IsRequiredOffline>0</IsRequiredOffline>
          <IsInteractionCentricEnabled>0</IsInteractionCentricEnabled>
          <IsCollaboration>0</IsCollaboration>
          <AutoRouteToOwnerQueue>0</AutoRouteToOwnerQueue>
          <IsConnectionsEnabled>1</IsConnectionsEnabled>
          <IsDocumentManagementEnabled>1</IsDocumentManagementEnabled>
          <IsOneNoteIntegrationEnabled>1</IsOneNoteIntegrationEnabled>
          <IsKnowledgeManagementEnabled>0</IsKnowledgeManagementEnabled>
          <IsSLAEnabled>0</IsSLAEnabled>
          <IsDocumentRecommendationsEnabled>0</IsDocumentRecommendationsEnabled>
          <IsBPFEntity>0</IsBPFEntity>
          <OwnershipTypeMask>OrgOwned</OwnershipTypeMask>
          <IsAuditEnabled>1</IsAuditEnabled>
          <IsActivity>0</IsActivity>
          <ActivityTypeMask></ActivityTypeMask>
          <IsActivityParty>0</IsActivityParty>
          <IsReplicated>1</IsReplicated>
          <IsReplicationUserFiltered>1</IsReplicationUserFiltered>
          <IsMailMergeEnabled>0</IsMailMergeEnabled>
          <IsVisibleInMobile>0</IsVisibleInMobile>
          <IsVisibleInMobileClient>1</IsVisibleInMobileClient>
          <IsReadOnlyInMobileClient>1</IsReadOnlyInMobileClient>
          <IsOfflineInMobileClient>1</IsOfflineInMobileClient>
          <DaysSinceRecordLastModified>10</DaysSinceRecordLastModified>
          <MobileOfflineFilters>
    &lt;fetch version="1.0" output-format="xml-platform" mapping="logical" distinct="false"&gt;
      &lt;entity name="product"&gt;
        &lt;filter type="and"&gt;
          &lt;condition attribute="modifiedon" operator="last-x-days" value="10"/&gt;
        &lt;/filter&gt;
      &lt;/entity&gt;
    &lt;/fetch&gt;
  </MobileOfflineFilters>
          <IsMapiGridEnabled>1</IsMapiGridEnabled>
          <IsReadingPaneEnabled>1</IsReadingPaneEnabled>
          <IsQuickCreateEnabled>1</IsQuickCreateEnabled>
          <SyncToExternalSearchIndex>1</SyncToExternalSearchIndex>
          <IntroducedVersion>5.0.0.0</IntroducedVersion>
          <EnforceStateTransitions>0</EnforceStateTransitions>
          <EntityHelpUrlEnabled>0</EntityHelpUrlEnabled>
          <ChangeTrackingEnabled>1</ChangeTrackingEnabled>
          <IsEnabledForExternalChannels>1</IsEnabledForExternalChannels>
          <HasRelatedNotes>True</HasRelatedNotes>
        </entity>
      </EntityInfo>
      <FormXml>
        <forms type="main">
          <systemform>
            <formid>{32371a78-06d2-45a5-a242-f106f0a997a5}</formid>
            <IntroducedVersion>1.0.0.0</IntroducedVersion>
            <FormPresentation>1</FormPresentation>
            <FormActivationState>1</FormActivationState>
            <form showImage="true" enablerelatedinformation="true" relatedInformationCollapsed="false" shownavigationbar="true" maxWidth="1900">
              <ancestor id="{A640BE62-63F6-4027-90D7-48C014A7C6F3}" />
              <hiddencontrols>
                <data id="iskit" datafieldname="iskit" classid="{5546E6CD-394C-4bee-94A8-4425E17EF6C6}" />
                <data id="productstructure" datafieldname="productstructure" classid="{5546E6CD-394C-4bee-94A8-4425E17EF6C6}" />
              </hiddencontrols>
              <tabs>
                <tab name="product_details" verticallayout="true" id="{176BD68C-CE4F-42A3-8793-42400D385DC0}" IsUserDefined="0" locklevel="0" showlabel="true" expanded="true" labelid="{2605d761-013c-44f4-8d90-bcc71a5df74c}">
                  <labels>
                    <label description="SUMMARY" languagecode="1033" />
                  </labels>
                  <columns>
                    <column width="40%">
                      <sections>
                        <section name="product information" showlabel="true" showbar="false" id="{47e8791d-5260-4e72-ae16-9f4f3cd91480}" IsUserDefined="0" columns="11" locklevel="0" celllabelalignment="Left" celllabelposition="Left" height="auto" labelid="{a28d0b4b-eecf-48db-8a7e-2555c0433653}" labelwidth="150">
                          <labels>
                            <label description="Product Properties" languagecode="1033" />
                          </labels>
                          <rows>
                            <row>
                              <cell id="{81b1c9d3-1239-48d6-bd68-596d6d2c6897}" locklevel="0" colspan="2" labelid="{bee92298-2218-4f3f-8440-ce06104a9f54}">
                                <labels>
                                  <label description="Name" languagecode="1033" />
                                </labels>
                                <control id="name" classid="{4273EDBD-AC1D-40d3-9FB2-095C621B552D}" datafieldname="name" />
                              </cell>
                            </row>
                            <row>
                              <cell id="{222978d1-d56a-42a1-8be4-7d723e91a39f}" locklevel="0" colspan="2" labelid="{3bcdfab2-b934-41e7-94c9-683dca688cfe}">
                                <labels>
                                  <label description="Product ID" languagecode="1033" />
                                </labels>
                                <control id="productnumber" classid="{4273EDBD-AC1D-40d3-9FB2-095C621B552D}" datafieldname="productnumber" />
                              </cell>
                            </row>
                            <row>
                              <cell id="{143cd0c6-e343-4ba8-8322-396b644dfb79}" locklevel="0" colspan="2" labelid="{b09e362d-f710-40fc-9ba8-a6bc568a0b99}">
                                <labels>
                                  <label description="Valid From" languagecode="1033" />
                                </labels>
                                <control id="validfromdate" classid="{5B773807-9FB2-42db-97C3-7A91EFF8ADFF}" datafieldname="validfromdate" />
                              </cell>
                            </row>
                            <row>
                              <cell id="{f625f521-13a2-44b0-91ab-ea187a765ddb}" locklevel="0" colspan="2" labelid="{34394699-1ba3-4a62-b459-a3e15351a5fe}">
                                <labels>
                                  <label description="Valid To" languagecode="1033" />
                                </labels>
                                <control id="validtodate" classid="{5B773807-9FB2-42db-97C3-7A91EFF8ADFF}" datafieldname="validtodate" />
                              </cell>
                            </row>
                            <row>
                              <cell id="{930dbd9b-743a-3c43-ebb0-dbd5c7b3a032}" showlabel="true" locklevel="0" colspan="2">
                                <labels>
                                  <label description="Sketchup 3D Model URL" languagecode="1033" />
                                </labels>
                                <control id="sms_sketchup3dmodelurl" classid="{71716B6C-711E-476c-8AB8-5D11542BFB47}" datafieldname="sms_sketchup3dmodelurl" disabled="false" uniqueid="{72ceeb41-6995-0db8-13b1-6940e5d36be7}" />
                              </cell>
                            </row>
                          </rows>
                        </section>
                        <section name="costs" showlabel="false" showbar="false" id="{f0129f52-d4cb-43b2-b88e-309824ce85e5}" IsUserDefined="0" labelwidth="125" columns="11" locklevel="0" celllabelalignment="Left" celllabelposition="Left" height="auto" labelid="{15aac163-0b92-4a42-ade2-8bfde50a77db}">
                          <labels>
                            <label description="" languagecode="1033" />
                          </labels>
                          <rows>
                            <row>
                              <cell id="{afc4479a-50fa-4fb4-9c48-55245524b84d}" colspan="1" showlabel="false" labelid="{8c0814e5-b384-40e9-aa13-bd17018da695}">
                                <labels>
                                  <label description="" languagecode="1033" />
                                </labels>
                              </cell>
                              <cell id="{99a943d0-c14c-4ce9-872a-61e996efbe74}" labelid="{21e81a55-62a1-4762-bd4d-d52cb872a16d}" showlabel="false">
                                <labels>
                                  <label description="" languagecode="1033" />
                                </labels>
                              </cell>
                            </row>
                            <row>
                              <cell id="{a83b2393-2a31-44a3-ab42-4d6f60b4baf4}" locklevel="0" colspan="2" labelid="{89c3a4bb-e1d7-4539-a4c9-df6b70638a90}">
                                <labels>
                                  <label description="Unit Group" languagecode="1033" />
                                </labels>
                                <control id="defaultuomscheduleid" classid="{270BD3DB-D9AF-4782-9025-509E298DEC0A}" datafieldname="defaultuomscheduleid">
                                  <parameters>
                                    <AutoResolve>true</AutoResolve>
                                    <DisableMru>false</DisableMru>
                                    <DisableQuickFind>false</DisableQuickFind>
                                    <IsInlineNewEnabled>false</IsInlineNewEnabled>
                                    <DisableViewPicker>false</DisableViewPicker>
                                    <DefaultViewId>{2D013A3A-07CD-4163-8208-8E8E605492F4}</DefaultViewId>
                                    <AllowFilterOff>false</AllowFilterOff>
                                  </parameters>
                                </control>
                              </cell>
                            </row>
                            <row>
                              <cell id="{59a2a77b-99d3-4475-9256-6de420b20c66}" locklevel="0" colspan="2" labelid="{cf1490e3-6700-4818-a8ef-02ffecc5d19f}">
                                <labels>
                                  <label description="Default Unit" languagecode="1033" />
                                </labels>
                                <events>
                                  <event name="setadditionalparams" application="true" active="true">
                                    <InternalHandlers>
                                      <Handler functionName="Mscrm.defaultuomid_setadditionalparams" libraryName="Product_main_system_library.js" handlerUniqueId="4509435d-d55d-4e42-82ec-6edf62a44f8a" enabled="true" passExecutionContext="true" />
                                    </InternalHandlers>
                                  </event>
                                </events>
                                <control id="defaultuomid" classid="{270BD3DB-D9AF-4782-9025-509E298DEC0A}" datafieldname="defaultuomid">
                                  <parameters>
                                    <AutoResolve>true</AutoResolve>
                                    <DisableMru>false</DisableMru>
                                    <IsInlineNewEnabled>false</IsInlineNewEnabled>
                                    <DisableQuickFind>false</DisableQuickFind>
                                    <DisableViewPicker>false</DisableViewPicker>
                                    <DefaultViewId>{4DA6F46B-3649-4D0E-B5D2-CCB590F4227D}</DefaultViewId>
                                    <AllowFilterOff>false</AllowFilterOff>
                                  </parameters>
                                </control>
                              </cell>
                            </row>
                            <row>
                              <cell id="{bf5f0ca9-35a6-45a2-9da5-44ef480af8d4}" locklevel="0" colspan="2" labelid="{2ce7c5a5-fac5-4738-a907-cbd795f3c112}">
                                <labels>
                                  <label description="Default Price List" languagecode="1033" />
                                </labels>
                                <events>
                                  <event name="setadditionalparams" application="true" active="true">
                                    <InternalHandlers>
                                      <Handler functionName="Mscrm.pricelevelid_setadditionalparams" libraryName="Product_main_system_library.js" handlerUniqueId="8d9b4067-8129-4668-8534-6436d16b9727" enabled="true" passExecutionContext="true" />
                                    </InternalHandlers>
                                  </event>
                                </events>
                                <control id="pricelevelid" classid="{270BD3DB-D9AF-4782-9025-509E298DEC0A}" datafieldname="pricelevelid">
                                  <parameters>
                                    <DefaultViewId>{E2AD69C0-F7F1-4513-88CC-E255C188CEFF}</DefaultViewId>
                                    <IsInlineNewEnabled>false</IsInlineNewEnabled>
                                  </parameters>
                                </control>
                              </cell>
                            </row>
                            <row height="auto">
                              <cell auto="true" id="{4b98e3b0-b619-4743-a00a-58578082f0bf}" locklevel="0" colspan="2" labelid="{fd974097-89f4-499c-8557-11fa3acd8409}">
                                <labels>
                                  <label description="Decimals Supported" languagecode="1033" />
                                </labels>
                                <control id="quantitydecimal" classid="{C6D124CA-7EDA-4a60-AEA9-7FB8D318B68F}" datafieldname="quantitydecimal" />
                              </cell>
                            </row>
                            <row>
                              <cell id="{46149e09-a345-4a95-ba38-11254afc82cf}" locklevel="0" colspan="2" labelid="{28b84621-67ee-47eb-83e4-b69f635480df}">
                                <labels>
                                  <label description="Subject" languagecode="1033" />
                                </labels>
                                <control id="subjectid" classid="{270BD3DB-D9AF-4782-9025-509E298DEC0A}" datafieldname="subjectid" />
                              </cell>
                            </row>
                          </rows>
                        </section>
                      </sections>
                    </column>
                    <column width="60%">
                      <sections>
                        <section name="product_details_section_3" showlabel="true" showbar="false" locklevel="0" id="{80348843-528a-34a4-2c5d-95e0606635c1}" IsUserDefined="0" layout="varwidth" columns="11" labelwidth="150" celllabelalignment="Left" celllabelposition="Left">
                          <labels>
                            <label description="3D Model" languagecode="1033" />
                          </labels>
                          <rows>
                            <row>
                              <cell id="{34cd2694-0359-04e6-ee2e-3e2b0a297ca9}" showlabel="false" colspan="2" auto="false" rowspan="16">
                                <labels>
                                  <label description="SketchupModelDisplay" languagecode="1033" />
                                </labels>
                                <control id="WebResource_SketchupModelDisplay" classid="{9FDF5F91-88B1-47f4-AD53-C11EFC01A01D}">
                                  <parameters>
                                    <Url>sms_SketchupModelDisplay</Url>
                                    <PassParameters>true</PassParameters>
                                    <ShowOnMobileClient>false</ShowOnMobileClient>
                                    <Security>false</Security>
                                    <Scrolling>auto</Scrolling>
                                    <Border>true</Border>
                                    <WebResourceId>{5B47564B-5401-E711-8107-1458D05A2AB0}</WebResourceId>
                                  </parameters>
                                </control>
                                <events>
                                  <event name="onload" application="false">
                                    <dependencies />
                                  </event>
                                </events>
                              </cell>
                            </row>
                            <row />
                            <row />
                            <row />
                            <row />
                            <row />
                            <row />
                            <row />
                            <row />
                            <row />
                            <row />
                            <row />
                            <row />
                            <row />
                            <row />
                            <row />
                          </rows>
                        </section>
                      </sections>
                    </column>
                  </columns>
                </tab>
                <tab name="productassocaition_items" id="{8DB660CF-C5F5-4188-827D-75233475153F}" IsUserDefined="0" locklevel="0" showlabel="true" expanded="true" visible="false" labelid="{e3d4713f-75b8-451b-825c-8d3128c2b85c}">
                  <labels>
                    <label description="BUNDLE PRODUCTS" languagecode="1033" />
                  </labels>
                  <columns>
                    <column width="100%">
                      <sections>
                        <section name="DynamicProperties" showlabel="false" showbar="false" locklevel="1" id="{57ec71f4-8950-4533-a3be-5eed0f768346}" IsUserDefined="0" columns="1" labelid="{381b40fc-739b-4d5c-aedf-3ad40cdc150e}">
                          <labels>
                            <label description="" languagecode="1033" />
                          </labels>
                          <rows>
                            <row>
                              <cell id="{3c2fd662-7109-4eea-8002-74d224c4f00d}" labelid="{753098ef-f885-473f-9339-de09df9be684}">
                                <labels>
                                  <label description="" languagecode="1033" />
                                </labels>
                                <control id="DynamicPropertiesList_LinkControl" classid="{DFDF1CDE-837B-4AC9-98CF-AC74361FD89D}">
                                  <parameters>
                                    <LinkControlDefinitionId>{9E5EEBFC-5883-43C0-A36C-6FCA2615D5CA}</LinkControlDefinitionId>
                                    <ShowLinkControlLabel>false</ShowLinkControlLabel>
                                  </parameters>
                                </control>
                              </cell>
                            </row>
                          </rows>
                        </section>
                      </sections>
                    </column>
                  </columns>
                </tab>
              </tabs>
              <header id="{1bab7584-c9f7-4542-842f-f061caee103b}" celllabelposition="Top" labelwidth="115">
                <rows>
                  <row>
                    <cell id="{7fe0d486-f4f5-47af-81b1-e695dd2439c9}" showlabel="true" labelid="{e3b6945e-e5ab-434c-b72b-7f608ab27f37}">
                      <labels>
                        <label description="Status" languagecode="1033" />
                      </labels>
                      <control id="header_statecode" classid="{3EF39988-22BB-4f0b-BBBE-64B5A3748AEE}" datafieldname="statecode" disabled="true" />
                    </cell>
                  </row>
                </rows>
              </header>
              <events>
                <event name="onload" application="true" active="true">
                  <InternalHandlers>
                    <Handler functionName="Mscrm.Form_onload" libraryName="Product_main_system_library.js" handlerUniqueId="4842ce96-833c-4abc-a6ea-94ff497cc081" enabled="true">
                      <dependencies>
                        <dependency id="quantitydecimal" />
                        <dependency id="defaultuomid" />
                        <dependency id="defaultuomscheduleid" />
                      </dependencies>
                    </Handler>
                  </InternalHandlers>
                </event>
                <event name="onchange" application="true" active="true" attribute="defaultuomscheduleid">
                  <InternalHandlers>
                    <Handler functionName="Mscrm.defaultuomscheduleid_onchange" libraryName="Product_main_system_library.js" handlerUniqueId="b12d0ff3-7dad-495f-8b18-b84a06ad4ecb" enabled="true">
                      <dependencies>
                        <dependency id="defaultuomid" />
                      </dependencies>
                    </Handler>
                  </InternalHandlers>
                </event>
                <event name="onchange" application="true" active="true" attribute="pricelevelid">
                  <InternalHandlers>
                    <Handler functionName="Mscrm.pricelevelid_onchange" libraryName="Product_main_system_library.js" handlerUniqueId="83a11011-cda3-44af-a04a-838672079780" enabled="true">
                      <dependencies>
                        <dependency id="pricelevelid" />
                      </dependencies>
                    </Handler>
                  </InternalHandlers>
                </event>
                <event name="onchange" application="true" active="true" attribute="quantitydecimal">
                  <InternalHandlers>
                    <Handler functionName="Mscrm.quantitydecimal_onchange" libraryName="Product_main_system_library.js" handlerUniqueId="4e2fda21-f6a5-4c71-bb84-c26b187da6c1" enabled="true">
                      <dependencies />
                    </Handler>
                  </InternalHandlers>
                </event>
                <event name="onchange" application="true" active="true" attribute="validfromdate">
                  <InternalHandlers>
                    <Handler functionName="Mscrm.validfromdate_onchange" libraryName="Product_main_system_library.js" handlerUniqueId="a4499b50-ab1e-4d64-9854-75079a7cd308" enabled="true">
                      <dependencies>
                        <dependency id="validtodate" />
                      </dependencies>
                    </Handler>
                  </InternalHandlers>
                </event>
                <event name="onchange" application="true" active="true" attribute="validtodate">
                  <InternalHandlers>
                    <Handler functionName="Mscrm.validtodate_onchange" libraryName="Product_main_system_library.js" handlerUniqueId="863936bf-b26a-4751-a576-ca57d6b56540" enabled="true">
                      <dependencies>
                        <dependency id="validfromdate" />
                      </dependencies>
                    </Handler>
                  </InternalHandlers>
                </event>
                <event name="onsave" application="true" active="true">
                  <InternalHandlers>
                    <Handler functionName="Mscrm.Form_onsave" libraryName="Product_main_system_library.js" handlerUniqueId="ccd4cf33-d2a5-4389-bbe6-e61976057600" enabled="true" passExecutionContext="true">
                      <dependencies>
                        <dependency id="validfromdate" />
                        <dependency id="validtodate" />
                      </dependencies>
                    </Handler>
                  </InternalHandlers>
                </event>
              </events>
              <clientresources>
                <internalresources>
                  <clientincludes>
                    <internaljscriptfile src="/_static/entities/product.js" />
                    <internaljscriptfile src="$webresource:Product_main_system_library.js" />
                  </clientincludes>
                  <clientvariables>
                    <internaljscriptvariable name="LOCID_ERRORMISSINGPL" resourceid="Web.SFA.product.edit.aspx_91" />
                    <internaljscriptvariable name="LOCID_ERRORMISSINGPLPRE" resourceid="Web.SFA.product.edit.aspx_90" />
                    <internaljscriptvariable name="LOCID_TODATE_LT_FROMDATE" resourceid="Web.products.ValidToEarlierThanValidFromDate" />
                  </clientvariables>
                </internalresources>
              </clientresources>
              <Navigation>
                <NavBar>
                  <NavBarByRelationshipItem RelationshipName="hardcoded_{B7196B13-6B9D-42CD-BD58-B19A3953126F}navPrices" Sequence="0" Area="Info" Id="navPrices" Show="false">
                    <Titles>
                      <Title LCID="1033" Text="Price List Items" />
                    </Titles>
                  </NavBarByRelationshipItem>
                  <NavBarByRelationshipItem RelationshipName="hardcoded_{B7196B13-6B9D-42CD-BD58-B19A3953126F}navAsyncOperations" Sequence="9500" Area="ProcessCenter" Id="navAsyncOperations" Show="false">
                    <Titles>
                      <Title LCID="1033" Text="Workflows" />
                    </Titles>
                  </NavBarByRelationshipItem>
                  <NavBarByRelationshipItem RelationshipName="hardcoded_{B7196B13-6B9D-42CD-BD58-B19A3953126F}navProcessSessions" Sequence="9700" Area="ProcessCenter" Id="navProcessSessions" Show="false">
                    <Titles>
                      <Title LCID="1033" Text="Dialog Sessions" />
                    </Titles>
                  </NavBarByRelationshipItem>
                </NavBar>
                <NavBarAreas>
                  <NavBarArea Id="Info">
                    <Titles>
                      <Title LCID="1033" Text="Common" />
                    </Titles>
                  </NavBarArea>
                  <NavBarArea Id="Sales">
                    <Titles>
                      <Title LCID="1033" Text="Sales" />
                    </Titles>
                  </NavBarArea>
                  <NavBarArea Id="Service">
                    <Titles>
                      <Title LCID="1033" Text="Service" />
                    </Titles>
                  </NavBarArea>
                  <NavBarArea Id="Marketing">
                    <Titles>
                      <Title LCID="1033" Text="Marketing" />
                    </Titles>
                  </NavBarArea>
                  <NavBarArea Id="ProcessCenter">
                    <Titles>
                      <Title LCID="1033" Text="Processes" />
                    </Titles>
                  </NavBarArea>
                </NavBarAreas>
              </Navigation>
              <controlDescriptions />
              <DisplayConditions FallbackForm="true" Order="3">
                <Role Id="{627090ff-40a3-4053-8790-584edc5be201}" />
                <Role Id="{119f245c-3cc8-4b62-b31c-d1a046ced15d}" />
              </DisplayConditions>
            </form>
            <IsCustomizable>1</IsCustomizable>
            <CanBeDeleted>1</CanBeDeleted>
            <LocalizedNames>
              <LocalizedName description="3D Model" languagecode="1033" />
            </LocalizedNames>
          </systemform>
        </forms>
      </FormXml>
      <RibbonDiffXml>
        <CustomActions />
        <Templates>
          <RibbonTemplates Id="Mscrm.Templates"></RibbonTemplates>
        </Templates>
        <CommandDefinitions />
        <RuleDefinitions>
          <TabDisplayRules />
          <DisplayRules />
          <EnableRules />
        </RuleDefinitions>
        <LocLabels />
      </RibbonDiffXml>
    </Entity>
  </Entities>
  <Roles></Roles>
  <Workflows></Workflows>
  <FieldSecurityProfiles></FieldSecurityProfiles>
  <Templates />
  <EntityMaps />
  <EntityRelationships />
  <OrganizationSettings />
  <optionsets />
  <WebResources>
    <WebResource>
      <WebResourceId>{5b47564b-5401-e711-8107-1458d05a2ab0}</WebResourceId>
      <Name>sms_SketchupModelDisplay</Name>
      <DisplayName>sms_SketchupModelDisplay</DisplayName>
      <WebResourceType>1</WebResourceType>
      <IntroducedVersion>1.0.0.0</IntroducedVersion>
      <IsEnabledForMobileClient>0</IsEnabledForMobileClient>
      <IsAvailableForMobileOffline>0</IsAvailableForMobileOffline>
      <DependencyXml>&lt;Dependencies&gt;&lt;Dependency componentType="WebResource"/&gt;&lt;/Dependencies&gt;</DependencyXml>
      <IsCustomizable>1</IsCustomizable>
      <CanBeDeleted>1</CanBeDeleted>
      <IsHidden>0</IsHidden>
      <FileName>/WebResources/sms_SketchupModelDisplay5B47564B-5401-E711-8107-1458D05A2AB0</FileName>
    </WebResource>
  </WebResources>
  <Languages>
    <Language>1033</Language>
  </Languages>
</ImportExportXml>